{"count":1,"self":6.462388,"total":63.342991,"children":{"InitializeActuators":{"count":1,"self":0.002361,"total":0.002361,"children":null},"InitializeSensors":{"count":1,"self":0.0032819999999999998,"total":0.0032819999999999998,"children":null},"AgentSendState":{"count":902,"self":0.034426,"total":0.203621,"children":{"CollectObservations":{"count":10813,"self":0.022678999999999998,"total":0.022678999999999998,"children":null},"WriteActionMask":{"count":10813,"self":0.0069359999999999995,"total":0.0069359999999999995,"children":null},"RequestDecision":{"count":10813,"self":0.043226999999999995,"total":0.13957999999999998,"children":{"AgentInfo.ToProto":{"count":10813,"self":0.033954,"total":0.096353,"children":{"GenerateSensorData":{"count":10813,"self":0.062398999999999996,"total":0.062398999999999996,"children":null}}}}}}},"DecideAction":{"count":902,"self":56.6081088,"total":56.608354999999996,"children":{"InitializeActuators":{"count":11,"self":0.00014199999999999998,"total":0.00014199999999999998,"children":null},"InitializeSensors":{"count":11,"self":0.000102,"total":0.000102,"children":null}}},"AgentAct":{"count":902,"self":0.061972,"total":0.061972,"children":null}},"gauges":{},"metadata":{"timer_format_version":"0.1.0","start_time_seconds":"1646743106","unity_version":"2021.2.10f1","command_line_arguments":"\/home\/patrick\/Unity\/Hub\/Editor\/2021.2.10f1\/Editor\/Unity -projectpath \/home\/patrick\/Documents\/Projects\/ActiveInference\/active-inference-mcp\/unity -useHub -hubIPC -cloudEnvironment production -licensingIpc LicenseClient-patrick -hubSessionId 27260060-9ed4-11ec-92a2-49930e2715bf","communication_protocol_version":"1.5.0","com.unity.ml-agents_version":"2.2.1-exp.1","scene_name":"SampleScene","end_time_seconds":"1646743169"}}